131011264311 통계분류(2),131011264311 통계분류(3),Y2016 2016,Y2016 2016.1,Y2016 2016.2,Y2016 2016.3,Y2016 2016.4,Y2016 2016.5,Y2016 2016.6,Y2016 2016.7,Y2016 2016.8,Y2017 2017,Y2017 2017.1,Y2017 2017.2,Y2017 2017.3,Y2017 2017.4,Y2017 2017.5,Y2017 2017.6,Y2017 2017.7,Y2018 2018,Y2018 2018.1,Y2018 2018.2,Y2018 2018.3,Y2018 2018.4,Y2018 2018.5,Y2018 2018.6,Y2018 2018.7,Y2019 2019,Y2019 2019.1,Y2019 2019.2,Y2019 2019.3,Y2019 2019.4,Y2019 2019.5,Y2019 2019.6,Y2019 2019.7,Y2019 2019.8,Y2019 2019.9,Y2020 2020,Y2020 2020.1,Y2020 2020.2,Y2020 2020.3,Y2020 2020.4,Y2020 2020.5,Y2020 2020.6,Y2020 2020.7,Y2021 2021,Y2021 2021.1,Y2021 2021.2,Y2021 2021.3,Y2021 2021.4,Y2021 2021.5,Y2021 2021.6,Y2022 2022,Y2022 2022.1,Y2022 2022.2,Y2022 2022.3,Y2022 2022.4,Y2022 2022.5,Y2022 2022.6,Y2022 2022.7,Y2022 2022.8,Y2023 2023,Y2023 2023.1,Y2023 2023.2,Y2023 2023.3,Y2023 2023.4,Y2023 2023.5,Y2023 2023.6,Y2023 2023.7,Y2023 2023.8,Y2024 2024,Y2024 2024.1,Y2024 2024.2,Y2024 2024.3,Y2024 2024.4,Y2024 2024.5,Y2024 2024.6,Y2024 2024.7
131011264311 통계분류(2),131011264311 통계분류(3),13103126431T1 도보,13103126431T2 자가용 승용/승합차,13103126431T3 버스(대중교통),13103126431T4 자전거,13103126431T5 지하철,13103126431T6 오토바이,13103126431T7 택시,13103126431T10 배(선박),13103126431T12 없음,13103126431T1 도보,13103126431T2 자가용 승용/승합차,13103126431T3 버스(대중교통),13103126431T4 자전거,13103126431T5 지하철,13103126431T6 오토바이,13103126431T7 택시,13103126431T13 모름/무응답,13103126431T1 도보,13103126431T2 자가용 승용/승합차,13103126431T3 버스(대중교통),13103126431T4 자전거,13103126431T5 지하철,13103126431T6 오토바이,13103126431T7 택시,13103126431T8 셔틀버스,13103126431T1 도보,13103126431T2 자가용 승용/승합차,13103126431T3 버스(대중교통),13103126431T4 자전거,13103126431T5 지하철,13103126431T6 오토바이,13103126431T7 택시,13103126431T8 셔틀버스,13103126431T9 전세버스,13103126431T12 없음,13103126431T1 도보,13103126431T2 자가용 승용/승합차,13103126431T3 버스(대중교통),13103126431T4 자전거,13103126431T5 지하철,13103126431T6 오토바이,13103126431T7 택시,13103126431T8 셔틀버스,13103126431T1 도보,13103126431T2 자가용 승용/승합차,13103126431T3 버스(대중교통),13103126431T4 자전거,13103126431T5 지하철,13103126431T6 오토바이,13103126431T12 없음,13103126431T1 도보,13103126431T2 자가용 승용/승합차,13103126431T3 버스(대중교통),13103126431T4 자전거,13103126431T5 지하철,13103126431T6 오토바이,13103126431T7 택시,13103126431T11 기타,13103126431T12 없음,13103126431T1 도보,13103126431T2 자가용 승용/승합차,13103126431T3 버스(대중교통),13103126431T4 자전거,13103126431T5 지하철,13103126431T6 오토바이,13103126431T7 택시,13103126431T11 기타,13103126431T12 없음,13103126431T1 도보,13103126431T2 자가용 승용/승합차,13103126431T3 버스(대중교통),13103126431T4 자전거,13103126431T5 지하철,13103126431T6 오토바이,13103126431T7 택시,13103126431T12 없음
소계,소계,93.6,28.5,10,7.1,1.1,0.3,0.2,0,5.9,91.5,30.6,12.1,6.7,3.1,0.4,0.2,0.3,92.2,34.7,11.2,9.4,2.5,0.5,0.1,0.6,93.1,32.9,12.6,6.5,1.2,0.4,0.1,0.2,0,5.4,93,32.4,9.5,7.8,1.1,0.1,0.3,0.2,84.9,29.2,7.6,6.6,1.3,0.1,4.9,77.1,34.5,9.3,8.4,2.1,0.1,0.1,0.5,6.2,87.9,35.9,12.5,5.3,1.2,0.3,0.1,0.1,5.5,84.3,31.1,10.5,6.6,0.6,0.1,0.1,4.9
131021264311.002001 서울,소계,99.3,20.7,12.3,10.3,3.7,0.5,0.4,0,4.7,107.3,21.7,16.6,7.8,8.3,0.4,0.2,0,92.7,25.5,15.1,11.6,6.1,0.8,0,2,106.4,25.7,21.4,8.5,2.4,0.6,0.1,0.5,0.1,5.4,-,-,-,-,-,-,-,-,-,-,-,-,-,-,-,-,-,-,-,-,-,-,-,-,95.3,21.3,22.7,6.5,2.6,0,0,0,6.1,80,23.6,13.5,7.1,2.2,0,0,4.9
131021264311.002002 부산,소계,92.8,20.7,9.7,4.5,1.6,0.4,0.7,0,4.9,86.8,30.7,8.5,4.5,1.5,0,0,0,95.1,32.3,13.8,11.6,1.2,0.3,0.1,0.4,95.3,27.8,8,2,1.2,0,0.3,0.2,0,6.4,-,-,-,-,-,-,-,-,-,-,-,-,-,-,-,-,-,-,-,-,-,-,-,-,131.5,54.8,2.5,0.9,0.9,0,0,0,1.8,100.7,30.4,10,3.8,0.3,0.8,0,2.3
131021264311.002003 대구,소계,97.7,24.5,4.4,8.3,0.3,0.2,0,0,7.5,80.6,31.2,5.1,7.8,0.6,0.2,0.2,0,94.4,33.2,5.1,8.4,0.2,0.1,0,0,90.8,32.8,3.6,6.9,0,0.5,0,0.2,0,2.6,-,-,-,-,-,-,-,-,-,-,-,-,-,-,-,-,-,-,-,-,-,-,-,-,79,36.2,6.8,3.3,0.4,0,0,0,2.6,80.4,39.6,3.4,7.5,0,0,0,1.9
131021264311.002004 인천,소계,101.5,22.8,11.2,5.8,0.2,0.1,0,0,6.5,107.2,24.2,13.8,5.9,1.4,0.3,0,0,86,28.8,22.5,6.9,2.7,0.2,0,0.2,103,33.2,18.1,6.2,1,0,0,0,0,7,-,-,-,-,-,-,-,-,-,-,-,-,-,-,-,-,-,-,-,-,-,-,-,-,76.5,32.5,17.7,3.1,0.9,0.3,0.8,0,1.2,85.2,27.5,10.6,3.7,0.7,0.2,0,3.1
131021264311.002005 광주,소계,95.6,52.2,0.4,2.4,0,0,0,0,8.9,88.9,39.6,4.4,0.3,0,0,0.7,1.4,89.7,50.3,8.8,3.2,0,0,0,0,85.8,37.8,6.8,4.1,0,0.3,0,0,0,6.1,-,-,-,-,-,-,-,-,-,-,-,-,-,-,-,-,-,-,-,-,-,-,-,-,74.6,52.3,6.9,5.2,0,0.3,0,0,7.4,95.7,44.9,3.4,3.4,0,0,0,4
131021264311.002006 대전,소계,91.8,41.8,7.8,9.1,0,0.2,0,0,7.6,74.1,37.5,9.2,9.8,0.6,0,0,0,90.9,34.4,13.8,8.3,0.2,0.8,0.7,0,94.7,28,8.8,5,0.4,1.5,0,0,0.4,19.2,-,-,-,-,-,-,-,-,-,-,-,-,-,-,-,-,-,-,-,-,-,-,-,-,57.7,35.6,6.7,4.4,0,0,0,0,6.1,93.2,49.7,5.6,12.2,0,0.6,0.3,9.7
131021264311.002007 울산,소계,84.1,29.3,5.8,4.6,0,0,1.1,0,2.2,91.6,31.2,9.2,7.8,0,0,0.5,0,98.6,22.9,7.6,7.7,0,0,0,0.9,84.1,34.2,4.6,7.6,0,0,0,0,0,4.1,-,-,-,-,-,-,-,-,-,-,-,-,-,-,-,-,-,-,-,-,-,-,-,-,124.5,52.9,1,2.1,0,0,0,0,0.9,86.2,23.7,5.4,3.1,0,0,0,7.2
131021264311.002008 세종,소계,105.2,41.5,8.7,21.8,0,7.2,0,0,9.4,63.6,50.1,6.1,4.7,0,0,0,0,88.5,29.5,4.8,15.4,0,2.2,0,0,87.5,25,2.4,8.7,0,1.1,0,0,0,4.3,-,-,-,-,-,-,-,-,-,-,-,-,-,-,-,-,-,-,-,-,-,-,-,-,90.2,39,4.7,11.1,0,0,0,0,8.8,73.5,46.4,6.8,7,0,0.7,0,12.2
131021264311.002009 경기,소계,94.3,25.8,15.1,5.9,1.2,0.1,0.1,0,5.4,94.3,29,19.4,6.8,4.9,0.5,0.1,0,98.3,32.5,14.3,11.2,4.5,0.4,0,0.7,98.1,35.3,16.7,7.7,2.4,0.2,0.1,0,0,3.3,-,-,-,-,-,-,-,-,-,-,-,-,-,-,-,-,-,-,-,-,-,-,-,-,78.9,31.1,19.4,7.1,2.4,0.6,0.1,0,5.2,76.6,26.7,15.4,5.8,0.6,0,0.3,2.9
131021264311.002010 강원,소계,84,42.1,7.4,6.4,0,0,0.7,0,5.4,75.5,36.6,13,14.4,0,1.1,0,0,68.1,47.8,6.8,12.4,0,0,0,0,71.2,37.9,3.8,6.8,0,0,0,0,0,6.2,-,-,-,-,-,-,-,-,-,-,-,-,-,-,-,-,-,-,-,-,-,-,-,-,74.5,25.4,20.1,9.4,0.6,0.4,0,1.4,5.8,67.8,17.7,18.3,9.1,0,0,0,0.8
131021264311.002011 충북,소계,78,30.7,8.9,8.7,0,0,0.8,0,3.5,73,41.4,7.1,9.3,0,0,0,0,98.7,42.3,11.9,9.1,0.6,0.3,0.3,0,85.1,22.2,6.6,3.7,0,0.4,0,0,0,6.1,-,-,-,-,-,-,-,-,-,-,-,-,-,-,-,-,-,-,-,-,-,-,-,-,62.1,30.5,3.7,5,0,0,0,0,12.9,84.5,38.1,5.5,12.8,1,0,0,13.6
131021264311.002012 충남,소계,90.5,40.5,5.6,7.2,0,0.1,0.2,0,4.7,75.6,50.3,12.1,10.2,0,1.5,0,0,87.3,58.5,6.8,11.1,0.5,0.3,0,0,87.5,34,3.1,7.8,0,0.3,1.3,0,0,3.9,-,-,-,-,-,-,-,-,-,-,-,-,-,-,-,-,-,-,-,-,-,-,-,-,56.8,29.8,7.3,6.8,0,0.9,0,0,12.8,69.4,49.6,3.9,12.5,0,0,0.3,11.2
131021264311.002013 전북,소계,100.5,46.6,0.2,2.4,0,0.3,0,0,8.4,71.3,42.7,5.5,0.8,0,0,0,0,91.3,46.5,4,4.2,0,0.7,0.5,0,70,42.8,10.7,2.6,0,0,0,0.3,0,5.3,-,-,-,-,-,-,-,-,-,-,-,-,-,-,-,-,-,-,-,-,-,-,-,-,67.3,52.4,7.8,4.2,0,0.3,0,0,7.8,81.3,43.2,7.4,4.6,0,0.3,0,4.8
131021264311.002014 전남,소계,103.7,41.5,9.6,12.4,0,0.6,0,0,11.3,103.7,36.5,3.5,3.5,0,0,0,6.4,88,47.7,3.2,8.5,0,0.1,0.3,0,86.2,35.7,4.2,3.2,0,0.5,0.2,0,0,3.3,-,-,-,-,-,-,-,-,-,-,-,-,-,-,-,-,-,-,-,-,-,-,-,-,69.7,44.2,8.9,6.6,0,1.4,0,0.3,8,104.1,29.9,2.9,5.4,0,0,0,3.2
131021264311.002015 경북,소계,96.2,24.7,2.1,8.3,0,0.3,0,0,6.8,86.6,23,1.6,6.7,0,1.2,0,0,79.3,31.2,2.5,6.9,0,1.1,0.5,0,80.8,35.8,3.1,5.5,0,1.5,0,0.2,0,5.8,-,-,-,-,-,-,-,-,-,-,-,-,-,-,-,-,-,-,-,-,-,-,-,-,90.8,30.4,4.7,5.9,0,0,0.7,0,5.7,81.1,28.6,3,7.7,0,0.5,0,6.4
131021264311.002016 경남,소계,73.9,26.5,11,4.5,0,0,0.5,0,6.6,85,27.4,8.9,5.3,0.6,0.4,0.6,0,90.5,39.2,8.1,6.6,0,0.6,0.1,0,80,37.3,9.6,8.6,0,0.8,0,0,0,9.9,-,-,-,-,-,-,-,-,-,-,-,-,-,-,-,-,-,-,-,-,-,-,-,-,133.6,56.1,2.7,1.9,0,0.4,0.4,0,2.3,104.8,28.9,15.1,5.2,0,0,0,5.6
131021264311.002017 제주,소계,70.3,51.9,5.9,4.8,0,0.8,0,1.2,4.2,81.2,45,2.5,2.3,0,0.5,1.7,0,88.7,41.2,1.1,3.4,0,0,0,0,66.6,49.1,16.3,4.7,0,0,0,0.6,0,4.2,-,-,-,-,-,-,-,-,-,-,-,-,-,-,-,-,-,-,-,-,-,-,-,-,91.5,52,1.9,1,0,0,0.6,1.3,7.6,70.3,51.1,5.7,6.6,0,0,0,7.1
131021264311.003001 대도시,소계,96.9,25.6,9.5,8,1.9,0.4,0.3,0,5.6,96.9,27.1,12.1,6.4,4.3,0.3,0.2,0.1,92.3,30.2,13.3,9.8,3.1,0.4,0.1,1,99.6,29.2,14.4,6.6,1.4,0.5,0.1,0.3,0.1,6,94,31.8,10.6,7.8,1.8,0.2,0.2,0.1,86.4,26.6,9.5,7.1,1.8,0.1,4.7,82.7,31.1,11.5,8.4,2.1,0.2,0,0.1,6.3,93.6,34.4,13.5,4.5,1.4,0.1,0.1,0,4.4,86.5,30.9,9.7,6.1,1,0.2,0,4.4
131021264311.003002 중소도시,소계,92.8,29.6,11.6,5.9,0.5,0,0.2,0,6.3,88.8,33,12.8,6.4,2.8,0.6,0.2,0.1,95.3,36.3,10.5,8.8,2.3,0.6,0.2,0.5,88.5,35.3,12.7,7.1,1.6,0.2,0.2,0.1,0,4,94.3,33.6,8.6,8.5,0.8,0.1,0.4,0.2,87.7,29.5,7.6,6.2,0.9,0.1,4.2,79.8,34.8,9,7.8,2.8,0.1,0.3,0.9,4.6,82.1,36.5,13.2,5.2,1.5,0.5,0.2,0.1,5.7,82.3,31.9,12.2,6.7,0.3,0,0.2,4.2
"131021264311.003003 읍, 면 이하",소계,86.7,34,7.5,7.6,0.6,0.5,0.2,0,5.5,84.2,34,10.9,7.8,0.6,0.4,0.2,1.3,85.7,41.6,7.7,9.9,1.4,0.2,0.1,0,87.4,36.6,8.3,5.4,0.1,0.7,0.1,0,0,6.5,88.3,31.6,8.7,6.3,0.4,0.1,0.4,0.4,73.7,35.8,3.6,6.2,0.6,0.3,6.4,58.6,41.6,4.6,9.5,0.5,0.1,0.1,0.6,9.1,87,38,9.4,7,0.1,0.4,0.1,0.2,7.2,83,30.3,9,7.3,0.3,0.2,0.1,6.9
131021264311.004001 남자,소계,87.8,39.2,9.5,10.5,1.5,0.4,0.2,0,4.1,84.7,42.2,10.6,9.8,3.7,0.6,0.3,0.2,81.3,46.8,9.5,14.5,3.5,0.6,0.1,0.1,87.4,44.1,11.7,10.9,1.7,0.5,0.2,0,0.1,3.2,84.6,42.4,9.3,11.7,1.3,0.1,0.4,0.3,77.1,39.5,7.3,10.5,1.4,0.2,2.1,67.6,46.1,9,12.3,2.2,0.2,0.2,0.3,3.6,78.6,46.3,13.3,7.8,0.9,0.5,0.2,0,2.8,77,41.6,9.2,10.4,0.8,0.2,0.1,2.9
131021264311.004002 여자,소계,100.1,16.7,10.5,3.4,0.7,0.1,0.3,0,7.8,98.9,18,13.8,3.3,2.3,0.2,0.1,0.4,103.9,21.6,13,4,1.4,0.3,0.1,1.1,99.2,20.9,13.6,1.9,0.6,0.3,0,0.3,0,7.8,102,21.8,9.7,3.6,1,0.1,0.3,0.1,93.5,17.8,7.9,2.3,1.1,0,7.9,87.2,22.1,9.6,4.2,1.9,0.1,0.1,0.6,8.9,97.7,24.9,11.7,2.5,1.5,0.1,0.1,0.1,8.3,92.2,19.8,11.9,2.5,0.5,0,0.1,7
131021264311.005001 10대,소계,122.2,5.9,12.4,10.1,0.6,0,0.1,0,4.4,120.7,7.3,12.7,7.7,1,0.2,0,0.4,122.2,8.3,10.7,14.4,0.2,0,0,0.3,119.2,7.5,8.7,14.3,0.4,0.5,0,0.1,0,6.4,118.2,5.7,11.1,14.2,0,0.1,0,0,105,7.2,10,14.7,1.3,0,5.9,93,10.9,16.3,20.1,0,0,0.1,4.4,3.7,115.5,4.6,7.7,14.7,0.9,0,0.4,0.5,4.5,102,5.1,12.4,12.8,0.3,0.1,0.3,3.2
131021264311.005002 20대,소계,89.7,20,17.3,9.8,1.4,0.1,0.3,0,7.9,94.4,22.6,20.4,7.3,2.6,1.2,0.3,0.5,97.8,25.1,17.7,13,2.3,1,0.1,0.8,101.7,22,22,8.3,1,0.6,0.2,0,0,5,100.2,20.3,13.6,10.1,2.1,0,1.1,0.2,91.2,19.2,12.8,8.4,1.6,0,5.6,77.6,24.8,13.9,14.6,2.5,0.2,0.4,0,7.4,88.9,32.8,16.9,7.9,2,0.4,0.4,0,4.5,79.6,25.6,17.8,10.7,0.5,0.1,0.1,5.5
131021264311.005003 30대,소계,83.5,42.7,6.8,6.8,0.4,0.3,0,0,8.4,82.6,44.8,7.7,6.6,1.9,0.1,0.2,0.1,81.1,50.9,9.1,9.1,2.6,0.4,0.1,0,87.5,43,8.3,9,1.4,0.2,0.4,0,0,5.7,85,42.5,6.1,8.6,0.9,0.4,0.4,0.2,79.2,34.4,5.5,5.9,0.7,0,8.3,68.6,40.3,10.8,7.7,3.5,0.1,0.2,0,5.9,74.4,48,10.2,7,0.2,0.2,0.1,0.1,7,76.8,42.8,7.2,5.9,0.5,0.1,0,6.3
131021264311.005004 40대,소계,84.5,44.8,8.8,4.7,1.5,0.4,0.4,0.1,5.5,81.4,45.9,9,6.4,3.4,0.1,0.4,0.3,85.9,49.1,8.6,7.8,2.3,0.5,0.1,0.2,85.5,49,8,4.7,1.2,0.4,0.1,0,0.1,5.5,82.7,48.3,8.8,6.6,1.6,0.2,0,0,73.9,42.4,6.8,5.2,1.2,0.3,5.9,66.3,54.2,5.5,7.9,2.8,0.1,0.1,0,6,75.6,51.8,10.7,4.7,2.1,0.6,0.3,0,5.1,77.1,47.3,6.2,5.7,0.2,0.2,0.1,4.3
131021264311.005005 50대,소계,87.6,37.9,9.8,6.5,1.3,0.5,0.1,0,4.8,82.3,38.9,14.5,6.6,4.7,0.9,0.1,0.2,82.3,44.2,13.2,8.5,4,0.2,0.1,0.1,84.7,44.5,14.5,4.8,1.1,0.5,0.1,0,0.1,4.5,84.8,45.6,7.4,6.8,0.8,0,0.2,0.2,73.7,43.9,6.6,6.5,1.2,0.4,3.7,73.3,45,8.8,4.3,1.4,0.3,0.1,0.4,5.1,80.5,46.9,12.9,4,1.2,0.4,0,0.1,5.1,77.1,42.2,10.3,7.1,0.1,0.1,0.2,3.9
131021264311.005006 60대,소계,101.4,15.5,8.8,8.1,1.8,0.2,0.3,0,5.1,94,22.2,12.2,5.2,6.8,0.4,0,0.5,93.5,29.2,12.5,6.5,3,0.4,0.1,1.4,89.5,28.8,13.5,4.1,2,0.6,0,0.7,0,5.1,93,27.8,10.5,4.9,1.6,0,0.5,0.6,87.1,27,7.2,5.5,1.6,0.1,1.8,81.8,31.9,5.9,5.8,1.5,0.3,0.1,0.3,7,93.9,31.3,15.1,2.7,0.7,0.2,0,0,6.1,88.3,25.3,13.6,4.8,1.5,0.4,0,5.7
131021264311.005007 70세이상,소계,102.2,9.4,5.1,4,0.8,0.4,0.5,0,4.2,97.1,7.7,7.9,6.2,1.6,0,0,0.3,101.2,9.5,4.6,8.2,1.6,0.8,0.3,2.4,101.4,7.6,12.3,2.7,0.9,0.2,0,0.6,0,6.7,106.1,12.4,11.1,5.5,0.4,0.3,0,0.3,102.4,8.7,4.9,2.3,1,0.1,3,94.5,8.8,7.3,3,2,0.1,0,0,8.1,106.8,10.2,12.3,1.1,0.9,0.1,0.1,0.1,5.4,101.4,9.5,7.2,2.1,1.1,0,0,4.5
131021264311.006001 남자,131021264311.006001001 10대,128.3,5.1,11.5,13.8,0.5,0.1,0.1,0,1.8,121.4,7.2,14.4,9.9,0.9,0.4,0,0.1,127.6,7.4,6.8,21.2,0.4,0,0,0.3,131.7,4.3,7.9,19.7,0.4,0.2,0,0.1,0,2.8,124.4,5.1,8.5,19,0,0.2,0,0,103.8,7.8,12.2,19.1,2.1,0,3.2,86.8,9.9,19.5,25.8,0,0,0.2,3.1,1.7,119.1,4.5,7.7,17,0,0,0.6,0,0.2,100.1,4.5,12.2,18.7,0.5,0.2,0.5,2.6
131011264311 통계분류(2),131021264311.006001002 20대,89.1,25,19.2,13.9,1.6,0,0.4,0,3.9,99.1,26.5,19.9,10.1,3.1,1,0.3,0.7,94.5,32.8,14.7,17.7,2,0.6,0,0,92.6,28.2,24.8,13.1,1.3,0.4,0.3,0,0,1.5,94.3,26,17.7,13.3,3.2,0,1.5,0.4,84.5,23.8,11.6,12.2,1.1,0,2.4,74.7,32.4,15.1,20.3,2.2,0,0.8,0,3.5,83.3,36.1,20.1,10.5,1.4,0.6,0.6,0,1.6,81.5,32.9,14.4,14.9,0.9,0.2,0.2,1.7
131011264311 통계분류(2),131021264311.006001003 30대,76.9,58,6,10.3,0.5,0.5,0,0,4,69.2,59.3,4.1,9,2.2,0.2,0.3,0,64.2,69,9.2,13.4,4.1,0.7,0,0,79.7,56.4,7.1,15.9,2.3,0.3,0.6,0,0,3.1,72.9,53.6,6.4,12.6,0.3,0.3,0.2,0.1,78.4,42.8,3.4,8.1,0.4,0,3.4,61.4,48.4,10.9,10.8,4.2,0.2,0,0,2.1,70.1,56.3,10.7,8.9,0.3,0.3,0,0,4.5,70.3,56.5,4.1,9,0.7,0.1,0,1.5
131011264311 통계분류(2),131021264311.006001004 40대,72.9,61.7,7.5,6,2.1,0.4,0.4,0.1,5.2,68.2,65.2,7.3,9.1,3.6,0.1,0.7,0.2,68.2,65.3,6.9,11.2,2.9,0.9,0.2,0,79.5,64.6,7.1,6.6,1.1,0.8,0.1,0,0.3,2.2,68.2,62.1,10,9.8,1.2,0,0,0,59.2,59.7,6.2,8.7,1.5,0.5,1.5,53.9,69.5,5.1,11.4,2.7,0,0.1,0,3.4,61.9,64.7,12.1,7.4,1.2,1.1,0.2,0,1.9,68.7,62.7,3.2,9,0.4,0.2,0.2,1.9
131011264311 통계분류(2),131021264311.006001005 50대,74.6,53.8,8.1,8.7,1.3,0.9,0,0,3.9,66.9,57.5,11.2,9.7,5.6,1.8,0.2,0.2,65.5,58.8,10.3,13.3,5.2,0,0,0,72.2,62.8,11,8.4,1.9,0.3,0.2,0,0,3.4,73.6,60.9,5.7,9.5,1.2,0,0.3,0.3,62.4,58.1,5.5,11,1.6,0.6,1.6,58.4,65.5,6.4,6.9,1.4,0.3,0.1,0,2.9,66.9,63,10.7,6.4,0.8,0.5,0.1,0,3.2,64,56.9,9.7,10.1,0,0.2,0,2.2
131011264311 통계분류(2),131021264311.006001006 60대,93.8,23,7.2,13.2,3.2,0.4,0.7,0,6.2,85.1,34.6,11.6,9.7,9.7,0.7,0,0.6,79.9,43.9,10.4,10.5,5,0.7,0,0.7,81.2,41.6,8.4,7,3.1,1.2,0,0,0,3.4,82.8,39.9,6.6,8.7,2,0,0.4,1.2,74.5,41.1,7.9,9.6,2.1,0.2,1.1,69.5,46.1,3.2,8,1.2,0.5,0.2,0.4,4.8,79.6,46,16,4.8,1.1,0.5,0,0,3.7,77.7,36,13.4,8.8,1.3,0.7,0,6.3
131011264311 통계분류(2),131021264311.006001007 70세이상,100,15.9,5.2,9,1.9,1,0,0,4.2,101.3,13.5,2.8,13.6,4.1,0,0,0,97.7,13.7,7.1,18.6,3.8,2,0.8,0,102.2,12.2,15.7,6.1,2.1,0.5,0,0,0,9.3,101,17.8,11.5,11.4,0.6,0.5,0,0.5,103.4,14.4,6.1,5.5,1.6,0.3,1.8,91.1,15.4,6.6,5.6,3.8,0.2,0,0,8.9,101,16.6,15.9,2.4,1.3,0,0.2,0,3.6,95.9,10.6,9.4,4.3,2,0,0,4.2
131021264311.006002 여자,131021264311.006002001 10대,114.1,6.9,13.6,5.2,0.7,0,0,0,7.8,119.8,7.4,10.3,4.6,1.1,0,0,0.8,115.2,9.5,16,5.5,0,0,0,0.2,102.3,11.9,9.7,7,0.5,1,0,0,0,11.4,108.1,6.5,15.1,6.3,0,0,0,0,106.6,6.3,6.8,8.4,0.1,0,9.9,101.4,12.3,12.1,12.5,0,0,0,6.2,6.4,110,4.6,7.7,11.2,2.4,0,0,1.2,11.2,104.8,5.9,12.8,4.1,0,0,0,4.1
131011264311 통계분류(2),131021264311.006002002 20대,90.6,13.2,14.7,4.5,1.2,0.2,0.3,0,13.3,88.3,17.3,21.1,3.7,1.9,1.4,0.2,0.4,102,15.2,21.6,6.9,2.6,1.6,0.1,1.8,113.9,13.6,18.1,1.8,0.6,0.8,0.1,0,0,9.7,106.8,14.1,9,6.6,0.8,0,0.7,0,100.2,13,14.3,3.4,2.3,0,9.8,81.4,14.8,12.3,7.1,2.8,0.5,0,0,12.6,97.1,28,12.2,4.1,2.8,0.2,0,0,8.7,77.3,16.4,22,5.4,0,0,0,10.4
131011264311 통계분류(2),131021264311.006002003 30대,92.2,22.4,7.8,2.1,0.3,0,0,0,14.2,97.7,28.4,11.8,3.9,1.5,0,0,0.3,101.5,29.1,9,4.1,0.7,0.1,0.2,0,96.4,27.5,9.7,1.1,0.4,0.1,0.1,0,0,8.6,100,28.7,5.6,3.6,1.5,0.5,0.7,0.2,80.2,23.1,8.2,3.1,1.1,0,14.8,76.9,30.9,10.6,4,2.7,0,0.4,0,10.2,79.9,37.4,9.7,4.6,0,0,0.2,0.1,10.1,84.8,25.7,11.1,2,0.2,0,0,12.3
131011264311 통계분류(2),131021264311.006002004 40대,97.1,26.5,10.1,3.3,0.7,0.4,0.5,0,5.9,95.6,24.8,10.9,3.4,3.1,0.1,0.2,0.4,104.5,32,10.5,4.3,1.6,0.1,0,0.3,91.8,32.7,8.9,2.7,1.2,0,0,0,0,8.9,97.9,33.8,7.5,3.2,2.1,0.3,0,0,89.5,24.2,7.4,1.4,1,0,10.4,80,37.4,6,4,2.9,0.1,0,0,9,90.2,38,9.2,1.8,3.1,0,0.4,0,8.5,86.1,30.8,9.4,2.2,0,0.2,0,6.9
131011264311 통계분류(2),131021264311.006002005 50대,100.3,22.3,11.5,4.3,1.3,0.2,0.2,0,5.6,98.2,19.7,17.8,3.5,3.8,0,0,0.2,99.1,29.5,16.2,3.7,2.8,0.4,0.2,0.1,97.4,25.8,18.1,1.1,0.3,0.6,0,0,0.1,5.6,96.2,29.8,9.1,4,0.3,0,0,0,86.1,28.2,7.8,1.5,0.9,0.2,6,88,24.7,11.2,1.8,1.5,0.2,0,0.7,7.2,94.6,30.2,15.2,1.5,1.6,0.4,0,0.1,7.1,91,26.7,11,3.9,0.3,0,0.4,5.8
131011264311 통계분류(2),131021264311.006002006 60대,108.6,8.4,10.2,3.2,0.4,0,0,0,4,102.1,10.8,12.7,1.2,4.1,0.1,0,0.4,107.5,14.1,14.7,2.5,0.9,0.1,0.2,2.1,97.8,16,18.6,1.2,0.9,0,0,1.3,0,6.8,102.9,16,14.3,1.1,1.3,0,0.7,0,98.8,13.8,6.6,1.7,1.2,0,2.5,93.8,18,8.5,3.7,1.8,0,0,0.2,9.1,106.6,18.2,14.4,0.8,0.3,0,0,0,8.2,99,14.5,13.8,0.8,1.8,0,0,5.2
131011264311 통계분류(2),131021264311.006002007 70세이상,103.9,4.6,5,0.3,0,0,0.9,0,4.1,94.4,3.9,11.2,1.5,0,0,0,0.6,103.6,6.6,3,1,0,0,0,4.1,100.9,4.3,9.9,0.4,0,0,0,1.1,0,4.8,109.7,8.5,10.8,1.3,0.3,0.2,0,0.2,101.7,4.6,4,0,0.6,0,3.8,97,4.1,7.8,1,0.6,0,0,0,7.5,110.7,5.9,9.8,0.2,0.7,0.1,0,0.2,6.6,105.6,8.6,5.6,0.4,0.4,0,0,4.7
131021264311.007001 초졸이하,소계,116.4,7.9,8.2,5.6,0.2,0.3,0.4,0,3.7,112.1,9.2,11.7,4.9,0,0.1,0,0.7,110.4,9.4,7.7,10.9,0,0,0.1,2.4,107.1,5.7,8.5,9.1,0,1,0,0.3,0,4.6,-,-,-,-,-,-,-,-,-,-,-,-,-,-,-,-,-,-,-,-,-,-,-,-,104.5,7.7,9.2,5.4,0.7,0.2,0,0.7,5.9,106.5,10.2,5.1,6.2,0.6,0,0,5.4
131021264311.007002 중졸,소계,105.9,6.2,9.8,8.7,0.2,0.6,0,0,4.6,106.7,8.6,8.7,8.7,2.2,0.1,0,0.3,112.6,9.3,8.4,7.8,0.2,0.9,0.3,0.4,108,10.6,9.4,7.1,0.5,0.2,0,0.2,0,7.1,-,-,-,-,-,-,-,-,-,-,-,-,-,-,-,-,-,-,-,-,-,-,-,-,112.5,7.1,7.4,7.4,0.8,0,0.1,0.1,5.4,104.4,5.1,8.2,6.9,0.4,0.2,0.2,4
131021264311.007003 고졸,소계,93,26.5,10.6,7,1.4,0.2,0.5,0,7.4,88.6,28.9,14.8,5.1,4,0.9,0.2,0.2,91.7,28.7,14,9.1,3,0.4,0,0.6,90.8,28.6,14.4,5.7,1.2,0.4,0.1,0.3,0,6.3,-,-,-,-,-,-,-,-,-,-,-,-,-,-,-,-,-,-,-,-,-,-,-,-,90.4,27.3,17.1,3.3,1.3,0.5,0.1,0,6.9,86.8,23.3,13.9,5.4,0.8,0.2,0.1,4.2
131021264311.007004 대졸(4년제미만),소계,87.3,31.8,12.5,8.6,1.5,0,0.1,0,6.6,88.9,30,16.9,7.6,3,0.2,0.4,0.4,80.4,49.6,13.2,9.8,1.9,0.9,0.1,0.4,84,44.8,13.7,4.3,1.1,0.8,0,0,0,5.7,-,-,-,-,-,-,-,-,-,-,-,-,-,-,-,-,-,-,-,-,-,-,-,-,83,45.8,12.6,6.8,1.8,0.1,0.2,0,5.2,73.1,43.5,10.5,6.9,0.6,0.1,0,6.4
131021264311.007005 대졸(4년제이상),소계,82.4,50.8,8.2,5.7,1.5,0.6,0,0,4.9,79.9,51.7,6.9,7.4,3.8,0.3,0.1,0.2,84.4,54.8,8.3,9.8,4.2,0.4,0.1,0,92.9,45.6,11.7,8.3,1.9,0.2,0.3,0,0.1,3.6,-,-,-,-,-,-,-,-,-,-,-,-,-,-,-,-,-,-,-,-,-,-,-,-,76.9,54.1,10.1,5.7,0.9,0.4,0.1,0,3.9,76.4,46.3,8.4,7.3,0.5,0.1,0,5.1
131021264311.007006 대학원이상,소계,65.4,98.9,0,12,0,0,0,0,0,117.4,54.8,4.4,19.3,1.8,1.3,0,0,85.2,71.5,6.3,13.4,0,0,0,0,73,56.1,17.3,1,0,0,0,0,0,2.4,-,-,-,-,-,-,-,-,-,-,-,-,-,-,-,-,-,-,-,-,-,-,-,-,43.4,83,1.5,3.7,0,0,0,0,3.3,71,75.5,0,23.5,0,0,0,0.6
131021264311.008001 관리자,소계,48,89.1,14.2,2.3,0,0,0,0,3.6,46.9,101,0.7,2.8,3.2,0,0,0,68.7,75.3,3.1,21.7,0,1.4,0,0,44,89,5.7,15.7,2.1,0,0,0,0,1.5,-,-,-,-,-,-,-,-,-,-,-,-,-,-,-,-,-,-,-,-,-,-,-,-,80.1,68.6,0,2.1,0,1.3,0,0,0,45.8,86.9,0,6.9,0,0,0,8.8
131021264311.008002 전문가및관련종사자,소계,65.3,79.2,5.8,7.9,0.4,0.3,0,0,3.7,71,61,9.8,11.9,2,0.4,0,0,62.6,68.7,6.7,11.6,5.4,0,0,0,71.4,56.6,12.1,6.1,2.5,1,0,0,0.5,3.3,-,-,-,-,-,-,-,-,-,-,-,-,-,-,-,-,-,-,-,-,-,-,-,-,69.8,64.2,7.6,6.2,0,0,0,0,3.4,62.6,75.9,8,10.8,0,0.1,0.3,4.7
131021264311.008003 사무종사자,소계,85.7,44.5,7.9,7.4,1.7,0.5,0.1,0,6.4,78.1,48.8,10.2,6.9,3.7,0.3,0.1,0.2,83.6,52.7,12.7,7.7,2.3,0.8,0.2,0.6,98.7,39.6,11.8,7.2,2,0.5,0.3,0,0,4.1,-,-,-,-,-,-,-,-,-,-,-,-,-,-,-,-,-,-,-,-,-,-,-,-,74.9,49.6,12.8,6.1,1.4,0.5,0.1,0,4.3,73.7,43.8,10.4,6.6,0.3,0,0,5.3
131021264311.008004 서비스종사자,소계,90.4,32.4,8.7,6.3,2,0.2,0.7,0,6.9,80.7,36.1,13.7,8.3,3.1,1.2,0.6,0.5,88.4,41.4,12,7.7,2.9,0.3,0,0,81.5,40.8,12.7,5,0.9,0.4,0,0,0.1,5.5,-,-,-,-,-,-,-,-,-,-,-,-,-,-,-,-,-,-,-,-,-,-,-,-,90.1,37.5,13.9,4.9,2.2,0.2,0.2,0,7.5,79.5,34.8,13.8,5.1,1.1,0.1,0,5.1
131021264311.008005 판매종사자,소계,86.5,32.5,9.3,8.5,1.1,0.3,0.1,0,8.5,84,36.8,11.9,4.9,4.2,0.4,0.1,0.1,83.3,41.3,9.9,8.4,3.6,0.3,0.1,0.3,85.2,48.4,11,6.1,1.4,0.4,0.4,0,0,5.5,-,-,-,-,-,-,-,-,-,-,-,-,-,-,-,-,-,-,-,-,-,-,-,-,84.4,42.7,15.2,4.8,1.2,0,0.3,0.1,4.9,84.9,34.7,9.9,4.7,0.7,0,0,5.2
131021264311.008006 농림어업숙련종사자,소계,83.1,24.9,4.2,4.8,0,1.8,0,0.5,5.7,78.7,24.4,14.1,8,0,0.4,0.9,1.1,85.9,27.4,2.4,13.5,0,2.6,1.1,0,75,28.7,4.8,5,0,0,0,0,0,7.4,-,-,-,-,-,-,-,-,-,-,-,-,-,-,-,-,-,-,-,-,-,-,-,-,80.9,40.6,5.9,4.2,0,1.3,0,0,6.8,83.9,25.9,3.7,6.5,0,1.1,0,1.7
131021264311.008007 기능원및관련기능,소계,84.7,36,8.5,4.9,2.4,0.8,0,0,3,70.1,46.8,10.2,10.5,5.1,0.8,0.7,0.2,67.5,56.9,10,14,3.2,0.6,0.3,0.3,73.4,45.3,10,8.1,2.5,1,0.7,0,0,3.4,-,-,-,-,-,-,-,-,-,-,-,-,-,-,-,-,-,-,-,-,-,-,-,-,71.8,66.2,8,6.6,0.7,1.2,0,0,5.6,73.4,40.7,7,7.6,0.6,1.3,0,2.3
131021264311.008008 장치/기계조작및조립,소계,88.3,39.1,10.8,13.9,0,0,0.9,0,6.2,67.4,53.2,8.1,10.5,13.4,0,0,0,70.3,47.8,10,10.3,7.9,1.4,0,0.4,70.1,40.3,12.9,9.8,0,1.3,0,0,0,2.1,-,-,-,-,-,-,-,-,-,-,-,-,-,-,-,-,-,-,-,-,-,-,-,-,55.5,51.1,24,8.4,1.8,1.4,0,0,3.8,63.8,40.4,15.3,13.1,0.6,0,0,3
131021264311.008009 단순노무종사자,소계,92.2,21.1,5.6,11.9,3.2,0,0,0,7.8,89.6,14.7,14.3,5.3,5.3,2.4,0,0.2,87.2,21.1,19.3,12,5,0.7,0.3,0,97.7,21.9,6.1,8.8,0,0,0,0,0,6.6,-,-,-,-,-,-,-,-,-,-,-,-,-,-,-,-,-,-,-,-,-,-,-,-,95.7,17.8,8,2.3,0.9,0.4,0,0,9.6,88.6,20.4,12.1,8.9,1,0,0,5.8
131021264311.008010 군인,소계,49.6,78,0,0,0,0,0,0,0,48.2,51.8,0,0,0,0,0,0,100,98.3,0,0,0,0,0,0,139.7,26.4,0,0,0,0,0,0,0,0,-,-,-,-,-,-,-,-,-,-,-,-,-,-,-,-,-,-,-,-,-,-,-,-,100,100,0,100,0,0,0,0,0,174.4,66.9,0,12.8,0,0,0,0
131021264311.008011 전업주부,소계,103,15.9,9.4,2.3,0.3,0.2,0.4,0,5.2,106.7,17.6,12.1,2.5,2.6,0,0,0.3,103.5,19.7,11.4,3.7,1.1,0.1,0.1,1.9,100.5,18.9,13.6,1.5,0.1,0,0,0.8,0,7.4,-,-,-,-,-,-,-,-,-,-,-,-,-,-,-,-,-,-,-,-,-,-,-,-,101.2,17.8,12.6,0.6,0.5,0.1,0.2,0.1,7,103.6,15.1,8.2,0.7,0.5,0,0.2,5
131021264311.008012 학생,소계,111.4,7.5,16.4,10.6,1.1,0,0.2,0,5.2,114.8,8.5,15.9,7.6,1.7,0.4,0,0.6,115.6,10.3,14,15.1,1.1,0.2,0,0.2,112.7,8.8,17.8,13.3,0.7,0.4,0,0,0,6,-,-,-,-,-,-,-,-,-,-,-,-,-,-,-,-,-,-,-,-,-,-,-,-,110.2,6.1,13.1,12.5,0.8,0,0.3,0.3,3.9,98.8,6.2,15.1,13.4,0.4,0.1,0.3,3.6
131021264311.008013 무직/기타,소계,101.2,13.2,8.3,9.6,0.4,0.2,0,0,4.4,102.4,11.8,7,10.1,1.2,0.1,0,0,103.4,19.6,4.8,15.6,5.4,0.3,0,0.6,103,14.8,5.6,6.8,2,0.9,0,0,0,6,-,-,-,-,-,-,-,-,-,-,-,-,-,-,-,-,-,-,-,-,-,-,-,-,107,14.5,10.9,3.6,2.1,0.4,0.4,0,3.6,98,12.3,5.4,3.9,1.8,0,0,8.3
131021264311.009001 100만원미만,소계,104.9,10.3,3.9,10.5,0,0,0,0,1,77.1,9.4,21.5,4.7,7.6,0,0,0,112,1.6,5.4,6.1,0,0,0.8,0,104.7,1.9,1.1,4,0,0.7,0,0,0,7,104.1,6.7,7.6,3.8,0,0,0,0,99.8,1.2,11.1,4.9,0,0,0.5,90.8,0,1.4,0,0,1.4,0,0,15,90.5,9.1,12.1,0,0,0,0,0,6,108,11.9,3,0,0,0,0,2.8
131021264311.009002 100-200만원 미만,소계,-,-,-,-,-,-,-,-,-,-,-,-,-,-,-,-,-,-,-,-,-,-,-,-,-,-,-,-,-,-,-,-,-,-,-,-,-,-,-,-,-,-,-,-,-,-,-,-,-,-,96.3,7.6,8.7,4.9,0.4,0,0,0,5,106.9,10.7,11.6,1.7,1,0,0.8,0,7.3,104.1,8.8,6.1,1.2,2,0,0,3.3
131021264311.009003 200-300만원 미만,소계,-,-,-,-,-,-,-,-,-,-,-,-,-,-,-,-,-,-,-,-,-,-,-,-,-,-,-,-,-,-,-,-,-,-,-,-,-,-,-,-,-,-,-,-,-,-,-,-,-,-,83.1,22.9,6.8,6,0.5,0,0.1,0,9.3,106.3,21.5,9.4,3.5,1.7,0.7,0,0,4.6,97.4,18.5,9.4,5.8,0,0.1,0,4.3
131021264311.009004 300-400만원 미만,소계,-,-,-,-,-,-,-,-,-,-,-,-,-,-,-,-,-,-,-,-,-,-,-,-,-,-,-,-,-,-,-,-,-,-,-,-,-,-,-,-,-,-,-,-,-,-,-,-,-,-,76.1,35.1,10.2,7.2,1.5,0.4,0,0.1,7.5,85.9,32.7,13.1,5.7,0.8,0.6,0.2,0.3,6.4,83.9,29.1,10.4,7.2,0.8,0.4,0.2,5.5
131021264311.009005 400-500만원 미만,소계,-,-,-,-,-,-,-,-,-,-,-,-,-,-,-,-,-,-,-,-,-,-,-,-,-,-,-,-,-,-,-,-,-,-,-,-,-,-,-,-,-,-,-,-,-,-,-,-,-,-,76.5,33.5,10.1,9.6,1.4,0.1,0.4,1.5,7.9,85.9,41.2,11.6,5.5,0.4,0.1,0.2,0,5,86.1,31,9.9,7.2,0.3,0.1,0,4.8
131021264311.009006 500-600만원 미만,소계,-,-,-,-,-,-,-,-,-,-,-,-,-,-,-,-,-,-,-,-,-,-,-,-,-,-,-,-,-,-,-,-,-,-,-,-,-,-,-,-,-,-,-,-,-,-,-,-,-,-,73.6,33,9.8,8.4,3.5,0.2,0,0.6,5.1,82.3,40.9,12.7,6.6,1.2,0.3,0.2,0.1,6,78.7,31.2,12.1,7.5,0.4,0.1,0.1,5.4
131021264311.009007 600-700만원 미만,소계,-,-,-,-,-,-,-,-,-,-,-,-,-,-,-,-,-,-,-,-,-,-,-,-,-,-,-,-,-,-,-,-,-,-,-,-,-,-,-,-,-,-,-,-,-,-,-,-,-,-,71.9,39.2,9.2,7.3,3.4,0,0.3,0.4,3.9,84.7,39,17.2,5.5,0.9,0.1,0,0,5.9,74.5,36.6,13.9,9.2,0.6,0.1,0.1,5.9
131021264311.009008 700-800만원 미만,소계,-,-,-,-,-,-,-,-,-,-,-,-,-,-,-,-,-,-,-,-,-,-,-,-,-,-,-,-,-,-,-,-,-,-,-,-,-,-,-,-,-,-,-,-,-,-,-,-,-,-,79,48.9,9.4,12.5,2.8,0,0,0,4.6,86.6,44.1,11.8,5.1,2,0.7,0,0,3.1,78.9,54.3,8.6,5.9,0.8,0,0.2,5.3
131021264311.009009 800-900만원 미만,소계,-,-,-,-,-,-,-,-,-,-,-,-,-,-,-,-,-,-,-,-,-,-,-,-,-,-,-,-,-,-,-,-,-,-,-,-,-,-,-,-,-,-,-,-,-,-,-,-,-,-,87.6,54.5,6.5,10.6,0,0,0,0,3,65,56.1,6.8,5.5,4.6,0,0,0.3,2.6,75.4,51.5,8.7,3.9,0,0,0,1.6
131021264311.009010 900만원 이상,소계,-,-,-,-,-,-,-,-,-,-,-,-,-,-,-,-,-,-,-,-,-,-,-,-,-,-,-,-,-,-,-,-,-,-,-,-,-,-,-,-,-,-,-,-,-,-,-,-,-,-,62.5,73.4,10,17.5,0.6,1.1,0,0.3,4.8,70.5,57.8,12.7,10.3,4.4,0,0,0,5.2,73.4,48,10.9,0.3,4.1,0,0,1.4
131021264311.009011 100~150만원미만,소계,98.2,7.9,3.4,5.9,1,0.6,0,0,3.6,89.7,7,8.1,8.8,0,0.1,0,0.6,103,8.6,7.6,4.7,0,0.4,0,0.6,99.5,10,10.9,1.6,0.8,0,0,0.5,0,4.8,114.2,8.3,7.6,3.5,0.5,0.5,0.4,0.8,98.3,7.4,6.7,1.4,1.7,0,5.2,-,-,-,-,-,-,-,-,-,-,-,-,-,-,-,-,-,-,-,-,-,-,-,-,-,-
131021264311.009012 150~200만원미만,소계,93.6,11,7.5,7.6,1.5,0.7,0.5,0,8.2,110.5,8.5,4.6,3.3,0.3,0.2,0,0.5,104.7,11.3,7.8,9.5,0.1,0.1,0,0,94.5,11.3,14.2,3.1,0,0.3,0,0.3,0,6.5,95.9,14.5,13.4,8,0,0,0.2,0.7,92.9,6.4,9.5,6.8,0.8,0.4,6.4,-,-,-,-,-,-,-,-,-,-,-,-,-,-,-,-,-,-,-,-,-,-,-,-,-,-
131021264311.009013 200~250만원미만,소계,98.2,24.1,7.7,5.3,0.8,0.5,0,0,5.3,83.6,27,9.8,13.9,3.8,0.2,0,1.1,93.7,25.2,12.9,4.1,0.4,1,0.6,0.6,99.1,16.5,7,2.9,0.9,0.2,0,1.3,0,10.7,102,19,13.4,7.7,0.5,0,0,0,93.7,19.8,10.3,6.3,1.9,0,4,-,-,-,-,-,-,-,-,-,-,-,-,-,-,-,-,-,-,-,-,-,-,-,-,-,-
131021264311.009014 250~300만원미만,소계,94.9,29.5,9.1,3.9,0,0,1.1,0,6.3,93.1,24.7,6,5,1.7,0.6,0,0.8,92.2,35.5,7.2,11.2,1.2,0.7,0,0.3,85,29.9,16.1,3.8,0.9,1,0.1,0.3,0,6.2,95.8,25.4,11.5,5.6,1.3,0.3,0.2,0.1,87.4,24.1,7.4,3.8,2.1,0,5,-,-,-,-,-,-,-,-,-,-,-,-,-,-,-,-,-,-,-,-,-,-,-,-,-,-
131021264311.009015 300~350만원미만,소계,100.6,22.4,6.6,6.1,1.3,0.6,0.1,0.1,8.5,93.8,28.1,6.4,5.9,2.5,0.4,0.1,0.9,91.6,38.9,6.9,7.9,1.5,0.4,0.1,0.3,85.2,40.7,6.7,7.4,0.8,0.1,0.1,0,0,5,89.5,30.1,9.7,8.4,1,0,0.4,0.4,79.4,32.3,7,6.9,0.4,0.5,6.1,-,-,-,-,-,-,-,-,-,-,-,-,-,-,-,-,-,-,-,-,-,-,-,-,-,-
131021264311.009016 350~400만원미만,소계,96.6,23.5,10.5,8.4,0.6,0.3,0,0,7.6,86.2,34.6,11.6,8.7,2.8,0.9,0,0.2,89.9,33,12.8,10.5,4.2,0.3,0,0,86.6,35.7,13.1,6.2,0.6,0.7,0,0.1,0,4.4,98,31.4,8,7.9,0.9,0.1,0.6,0.2,80,35.3,8.3,4.6,0.6,0,5.2,-,-,-,-,-,-,-,-,-,-,-,-,-,-,-,-,-,-,-,-,-,-,-,-,-,-
131021264311.009017 400~450만원미만,소계,96.6,28.3,11.1,6.2,1.5,0.1,0.3,0,5.8,89.2,29.2,15.4,5.9,3.1,0.2,0.5,0.1,97.5,31.4,12.5,10.6,1.3,0.3,0.1,0.5,92.9,35.8,7.5,8.5,0.7,0.3,0.3,0,0.1,5.8,90,34.3,8.4,8,0.2,0.2,0.4,0.1,81.8,30,5,7.5,0.6,0,4.4,-,-,-,-,-,-,-,-,-,-,-,-,-,-,-,-,-,-,-,-,-,-,-,-,-,-
131021264311.009018 450~500만원미만,소계,95.2,31.4,12.1,10,1.7,0.1,0.4,0,5.2,86.8,37.5,15.4,5.2,2.6,0.2,0.2,0.2,92.8,29.6,12.3,9.1,2.9,0.5,0.1,0,97.6,34.9,16.7,7.5,0.1,0.4,0.1,0,0,4.5,93.4,32.5,9.2,8.6,1.4,0,0.1,0.5,82.7,32.2,4.9,7.9,1.1,0,5,-,-,-,-,-,-,-,-,-,-,-,-,-,-,-,-,-,-,-,-,-,-,-,-,-,-
131021264311.009019 500~550만원미만,소계,87.9,35.9,11.7,6.4,1.6,0.4,0.2,0,4.9,99.2,30.2,14.3,7.3,5.2,0.3,0.2,0.2,85.8,35.9,12.9,11.1,3.1,0.1,0.2,2.8,102.8,30,16.4,3,1.7,0.2,0.4,0,0,6.6,90.7,38.5,8,7.1,1.2,0.2,0.1,0,87.2,24.5,12.5,8.8,1.7,0,6.3,-,-,-,-,-,-,-,-,-,-,-,-,-,-,-,-,-,-,-,-,-,-,-,-,-,-
131021264311.009020 550~600만원미만,소계,94.7,30.7,8.7,8.9,1.1,0.3,0.2,0,6.9,92.5,41.2,14.1,7.8,5.7,1,0.2,0,94.8,33.4,16.2,11.2,4.3,0.5,0.1,1.2,94.3,32,16.2,7.7,2.3,0,0,0.3,0,4.6,90.5,37.1,12.1,7,1.6,0,0,0,84.3,30.7,6.8,7.9,0.9,0.2,4.3,-,-,-,-,-,-,-,-,-,-,-,-,-,-,-,-,-,-,-,-,-,-,-,-,-,-
131021264311.009021 600만원이상,소계,77.2,44.8,12.7,7,1,0.1,0,0,3,93.8,37.6,13.2,5.4,1.8,0.5,0.1,0,84,58,10.9,9.2,4.4,1,0,0.2,87.7,45,14.6,11.3,3.2,1.1,0,0,0.2,3.1,87,46.2,8.6,9.7,2.8,0.2,1.1,0.1,83.9,41.9,6.6,6.2,2.4,0.3,3.4,-,-,-,-,-,-,-,-,-,-,-,-,-,-,-,-,-,-,-,-,-,-,-,-,-,-
131021264311.009022 모름/무응답,소계,-,-,-,-,-,-,-,-,-,-,-,-,-,-,-,-,-,-,-,-,-,-,-,-,-,-,-,-,-,-,-,-,-,-,-,-,-,-,-,-,-,-,-,75.9,30.4,25.5,8.4,0,0,0,-,-,-,-,-,-,-,-,-,-,-,-,-,-,-,-,-,-,-,-,-,-,-,-,-,-
