131011368651 통계분류(2),131011368651 통계분류(3),Y2024 2024,Y2024 2024.1,Y2024 2024.2,Y2024 2024.3,Y2024 2024.4,Y2024 2024.5,Y2024 2024.6,Y2024 2024.7,Y2024 2024.8,Y2024 2024.9,Y2024 2024.10,Y2024 2024.11,Y2024 2024.12,Y2024 2024.13,Y2024 2024.14,Y2024 2024.15,Y2024 2024.16,Y2024 2024.17,Y2024 2024.18,Y2024 2024.19,Y2024 2024.20,Y2024 2024.21,Y2024 2024.22,Y2024 2024.23,Y2024 2024.24,Y2024 2024.25,Y2024 2024.26,Y2024 2024.27,Y2024 2024.28,Y2024 2024.29,Y2024 2024.30,Y2024 2024.31,Y2024 2024.32,Y2024 2024.33,Y2024 2024.34,Y2024 2024.35,Y2024 2024.36,Y2024 2024.37,Y2024 2024.38,Y2024 2024.39,Y2024 2024.40,Y2024 2024.41,Y2024 2024.42,Y2024 2024.43,Y2024 2024.44,Y2024 2024.45,Y2024 2024.46,Y2024 2024.47,Y2024 2024.48,Y2024 2024.49,Y2024 2024.50,Y2024 2024.51,Y2024 2024.52
131011368651 통계분류(2),131011368651 통계분류(3),13103136865T1 걷기(속보 포함),13103136865T2 보디빌딩 (헬스),13103136865T3 등산,"13103136865T4 요가, 필라테스, 태보","13103136865T5 골프(그라 운드, 파크 포함)",13103136865T6 수영,"13103136865T7 자전거, 사이클, 산악자전거","13103136865T8 체조 (맨손체조, 생활체조)","13103136865T9 달리기(조깅, 마라톤 포함)","13103136865T10 축구, 풋살",13103136865T11 배드민턴,13103136865T12 농구,"13103136865T13 당구, 포켓볼",13103136865T14 볼링,13103136865T15 탁구,13103136865T16 테니스,13103136865T17 낚시,13103136865T18 줄넘기,13103136865T19 훌라후프,13103136865T20 댄스스포츠,13103136865T21 게이트볼,13103136865T22 에어로빅,13103136865T23 족구,13103136865T24 야구,13103136865T25 태권도,13103136865T26 암벽등반,"13103136865T27 아쿠아로빅, 수중발레","13103136865T28 수상스키, 웨이크 보드, 윈드서핑",13103136865T29 킥복싱,13103136865T30 권투,"13103136865T31 육상(걷기, 달리기 제외한 종목)",13103136865T32 인라인 스케이트,"13103136865T33 스노우보드, 스키",13103136865T34 사격,13103136865T35 검도,13103136865T36 배구,13103136865T37 스쿼시,13103136865T38 유도,13103136865T39 승마,"13103136865T40 석궁, 양궁, 국궁",13103136865T41 트라이애슬론(철인3종),"13103136865T42 인라인하키, 필드하키",13103136865T43 소프트볼,"13103136865T44 럭비, 미식축구",13103136865T45 핸드볼,"13103136865T46 항공레저 (스카이다이빙, 패러글라이딩, 행글라이더 등)",13103136865T47 래프팅,13103136865T48 서바이벌,13103136865T49 스킨스쿠버,13103136865T50 라켓볼,13103136865T51 정구,"13103136865T52 빙상 (아이스하키,스케이팅 포함)",13103136865T59 그 외 종목
소계,소계,41.9,14.6,12.1,8.5,6.4,6.4,5,4.9,4.8,4.8,3.7,3.2,3.2,2.7,2.4,2,1.7,1.2,1,0.9,0.8,0.7,0.7,0.7,0.6,0.5,0.5,0.3,0.3,0.2,0.2,0.1,0.1,0.1,0.1,0.1,0.1,0.1,0,0,0,0,0,0,0,0,0,0,0,0,0,0,0.2
131021368651.002001 서울,소계,37.6,15.7,13.3,10.8,7.8,7.6,6,2.3,5.3,3,2,3,2.1,2.2,1.2,2,2.3,0.3,0.8,0.5,0.3,0.5,0.2,0.6,0.4,0.8,0.5,0.8,0.2,0.5,0.2,0.2,0.2,0,0,0.1,0,0,0,0,0.2,0,0,0,0,0,0,0,0,0,0,0,0.2
131021368651.002002 부산,소계,50.1,15,14.6,9.5,3.5,5,3.6,5,6.2,7.3,4.5,4.4,4.7,2,2.5,0.8,1.5,1.2,1.6,1.3,0.6,0.4,1,0.6,0.7,0,0,0.2,0,0,0,0,0,0,0,0.3,0.2,0,0,0,0,0,0,0,0,0,0,0,0,0,0,0,0
131021368651.002003 대구,소계,46.5,14,7.3,10.9,7.1,9.1,2.8,3.4,1.8,6.1,3.6,1.8,1.8,2.9,2.2,2.1,0.8,1.6,0.7,0.8,0.2,0.8,1,0.3,0.8,0.3,1.1,0,0.3,0,0,0,0,0,0.2,0.3,0.3,0,0,0,0,0,0,0,0,0,0,0,0,0,0,0,0
131021368651.002004 인천,소계,47.2,18.1,11,8.4,6.5,6.8,3.5,2.2,3.7,2.3,2.6,2.2,1.9,4,2.1,1,0.9,0.8,1.5,0.2,0.2,1.1,0.7,0,0.2,0.2,0,0.2,0,0,0.2,0.2,0,0,0,0,0,0,0,0,0,0,0,0,0,0,0.2,0,0,0,0,0,0.4
131021368651.002005 광주,소계,43.3,16.4,6.7,9.3,9.7,7.5,4.1,5,7.8,5.9,7.8,4,2.7,1.7,1,0.6,2.8,2.6,2.2,1.4,1.2,1,1.7,1.1,0.9,0.7,0.7,0,0,0.4,0.3,0.3,0.4,0,0,0,0,0,0,0,0,0,0,0.4,0,0,0,0,0,0,0,0,0.3
131021368651.002006 대전,소계,30.1,16.1,15.2,9.2,11.1,8.8,7.1,12.1,5.6,10.5,5.5,3.7,3.8,4.2,3.5,3.7,3,2.2,1.2,1.4,2.1,1.5,1.7,1,1.1,0.9,0.3,0,0,0,0,0,0.2,1.2,0.5,0,0.6,0.3,0,0,0,0,0,0,0,0,0,0,0.3,0.3,0.2,0.2,0.9
131021368651.002007 울산,소계,40.5,13.7,15.2,4.9,3.1,4.5,4.5,7.7,0.9,3.4,3.1,5.2,5.7,2.3,1.8,1.5,1.2,1.8,0.3,0.6,0,0.4,2.1,0.7,0.6,0,0,0,0,0,0,0,0,0,0,0.3,0,0,0,0,0,0,0,0,0,0,0,0,0,0,0,0,0
131021368651.002008 세종,소계,27.9,16.8,12.2,5.1,11.3,9.1,4.2,14.4,4.9,5.8,5.8,2.8,4.5,2.4,2.9,3.7,1.8,1.1,0.6,0,0,0.6,2,0,0.6,0.6,0.6,0.6,0,0,0,0,0.6,0.7,0,0.6,0,0.6,0.7,0.6,0,0,0,0,0,0,0,0,0,0,0,0,0.6
131021368651.002009 경기,소계,41,13.2,13.3,8.7,6.7,4.6,5.1,1.8,3.8,3.1,2.7,3.9,4.6,2.3,1.9,2.6,0.9,0.6,0.5,0.8,0.1,0.4,0,1.1,0.1,0.9,0.8,0.4,0.6,0.5,0.3,0.3,0.1,0.1,0.1,0,0,0,0.1,0,0,0.1,0,0,0,0,0,0,0,0,0,0,0
131021368651.002010 강원,소계,43.3,10.6,10.8,7,1.3,1.1,7,4,1.9,5,4,2.6,0.5,1.6,1.3,1.9,2.3,0.4,0,0.4,1.7,0.8,0.5,0.4,0,0,0.9,0.4,0,0,0.4,0.4,0,0,0,0.3,0,0,0,0,0.4,0,0,0,0,0,0,0,0,0,0,0,0.5
131021368651.002011 충북,소계,31.2,13.9,12.3,5.1,8.9,11,7,16.2,3.6,5.9,5.1,2.5,2.9,4.3,4.7,3.1,2.6,1.9,0.6,2.6,1.8,1,0.6,0.7,1.3,0.3,0,0,0.3,0,0,0,0.3,0.6,0.3,0.5,0.3,0.6,0,0,0,0,0.2,0,0,0,0,0,0,0,0,0,1.2
131021368651.002012 충남,소계,34.8,13,14.8,6.9,5.4,7,4.3,10.7,4.7,5.3,4.5,2.5,4.1,3.9,4,1.4,2.6,2.3,0.4,0.9,1.8,2.2,1,1.7,1.3,0.4,0.8,0,0.9,0,0.3,0.2,0.4,0,0.9,0,0,0,0.3,0.3,0,0,0.2,0,0,0,0,0.3,0,0,0,0,0.5
131021368651.002013 전북,소계,32.1,17.9,3.4,10.3,6.5,10.4,2.6,6.3,6.5,4.8,6.4,2.8,2.6,5.2,3.4,2.4,1.5,2.3,0.7,1.9,4.2,0.3,0.7,0.6,1.9,0.6,0.4,0,0.6,0,0,0,0,0,0,0.3,0,0.3,0,0.3,0,0,0,0,0,0,0,0,0,0,0,0,1.4
131021368651.002014 전남,소계,41.7,16.4,3.6,8.4,5.5,9.5,3.1,7.2,8.2,4.5,8.4,4.2,1.5,3.7,1.6,4.1,0.4,2.2,3,1.5,2.9,0.6,0.6,0.3,0.6,0.9,0,0,0,0.3,0,0,0,0,0,0,0.4,0,0,0,0,0,0,0.3,0,0,0,0,0,0,0,0,0
131021368651.002015 경북,소계,51.2,14.8,5.7,8,4.4,2.6,6.4,5.7,2.7,4.2,3.2,1.3,1.8,1.5,4.8,1.5,1.4,1.6,0.8,0,0,1.1,1.4,0,0.2,0.2,0,0,0,0.2,0,0,0,0,0,0.2,0,0,0,0,0,0,0.2,0,0,0,0,0,0,0,0,0,0
131021368651.002016 경남,소계,52.9,12.1,17.9,4.6,4.9,6,6.6,7.5,7.9,7.8,2.9,3.2,3.5,2.4,3.3,0.7,3.3,2.3,2,0.8,0.9,1,1.8,0.7,1.1,0,0.4,0,0,0,0,0,0,0.2,0,0,0.4,0,0,0.2,0,0,0,0,0,0.2,0,0,0,0,0,0,0
131021368651.002017 제주,소계,37.5,14.5,7.8,6.7,10.6,6.5,4.5,3.3,8.5,9.4,11.1,3.4,0.9,1.3,2.6,0.6,1,0.4,0.9,0.4,2.3,0,0,0,1.3,0.4,0,0,0,1.1,0.6,0,0,0,0,0,0,0.4,0,0,0,0,0,0,1.3,0,0,0,0,0,0,0,1.3
131021368651.003001 대도시,소계,41.7,15.7,12.5,9.8,7.2,7.3,4.7,4.3,4.8,4.8,3.4,3.3,2.8,2.6,1.9,1.7,1.8,1,1.1,0.8,0.5,0.7,0.7,0.6,0.6,0.5,0.4,0.4,0.1,0.2,0.1,0.1,0.1,0.1,0,0.1,0.1,0,0,0,0.1,0,0,0,0,0,0,0,0,0,0,0,0.2
131021368651.003002 중소도시,소계,41.4,14.6,11.8,8.5,7,5.9,5.1,4.4,4.6,4.5,3.5,3.2,3.4,2.4,2.6,2.4,1.4,1.3,0.8,1.1,0.8,0.8,0.5,1,0.7,0.7,0.6,0.2,0.5,0.4,0.2,0.2,0,0.2,0.2,0,0.2,0.1,0.1,0.1,0,0.1,0.1,0,0,0,0,0,0,0,0,0,0.2
"131021368651.003003 읍, 면 이하",소계,43.5,12.1,11.8,5.7,3.9,5.4,5.6,7.3,5.2,5.2,4.9,3.1,3.6,3.2,3,1.6,2,1.5,1,0.5,1.3,0.7,1.1,0.5,0.4,0.3,0.3,0.2,0.2,0,0.1,0.2,0.3,0,0.1,0.2,0,0.1,0,0,0,0,0,0,0,0,0,0.1,0,0,0,0,0.4
131021368651.004001 남자,소계,31.3,19.5,15,0.4,9.5,3.6,7.7,3.1,6.4,9,3.7,5.9,6,4.1,3.3,2.4,3.1,0.4,0.1,0.1,0.9,0,1.3,1.3,0.7,0.6,0,0.2,0.4,0.3,0.2,0.2,0.2,0.2,0.1,0,0.2,0.1,0,0.1,0.1,0.1,0,0,0,0,0,0,0,0,0,0,0.2
131021368651.004002 여자,소계,53.5,9.2,9,17.3,3.2,9.4,2.1,6.9,3.1,0.2,3.7,0.4,0.2,1,1.4,1.5,0.2,2.1,2,1.7,0.7,1.5,0.1,0,0.4,0.4,0.9,0.3,0.1,0.2,0.1,0.1,0.1,0,0.1,0.2,0,0,0.1,0,0,0,0.1,0,0,0,0,0,0,0,0,0,0.3
131021368651.005001 10대,소계,25.2,2.6,0.8,1.9,0.1,2.4,8,1.9,9.6,19.7,8.5,25.3,0.7,1.3,2.2,0.5,0.2,7.2,2.2,1.7,0,0.1,2,1.1,5.3,0,0,0.2,0.8,0,0.9,0.8,0.2,0,0.6,1.2,0,0.1,0,0,0,0,0.4,0,0.2,0,0,0,0,0,0.1,0.1,0.2
131021368651.005002 20대,소계,19.8,27.3,4.4,14.6,0.3,7.7,5.6,2.7,8.2,7.8,3.4,8.1,4.9,6.6,1.5,4,0.3,1.9,0.6,0.8,0,0.4,0.9,0.9,0.3,1,0,1,0.6,1.1,0.3,0.6,0.4,0.3,0.4,0.1,0.2,0.1,0.2,0,0.3,0,0,0,0,0,0.1,0,0,0,0,0,0.2
131021368651.005003 30대,소계,25.7,26.5,5.9,16.5,6.4,8.2,5.4,2.3,6.7,5,2.7,1.3,5.3,4.8,2.3,3.6,0.5,0.9,1.5,0.5,0,0.3,0.7,1.7,0.3,1.9,0,0.7,0.5,0.4,0,0.1,0,0.1,0.1,0,0,0.2,0,0,0,0.2,0,0,0,0,0,0,0,0,0,0,0.1
131021368651.005004 40대,소계,36,18.6,9.8,9.4,12.4,8.1,5.7,2.9,3.4,4.4,6.3,0.1,5.8,3.2,2.4,3.2,1.1,0.5,1,1.1,0,0.7,1,0.8,0.3,0.6,0.1,0.1,0.1,0.1,0.2,0,0.3,0.3,0,0,0.4,0,0,0,0,0,0,0.1,0,0.1,0,0.1,0,0.1,0,0,0.2
131021368651.005005 50대,소계,42.7,13.7,21.8,6.3,12.8,6.4,5.5,3.2,4.3,2.9,3.4,0,3.1,1.9,2.6,1.2,3.3,0.3,1,0.6,0.2,1.2,0.8,0.6,0.1,0.1,0.3,0,0.2,0,0,0,0.1,0.1,0,0,0.1,0,0.1,0.1,0,0,0,0,0,0,0,0,0.1,0,0,0,0.3
131021368651.005006 60대,소계,58.9,5.9,23.6,4.8,5.3,5.9,4.4,7.6,2.9,1.2,3,0,1,0.7,3.6,0.6,3,0.6,0.8,1,1.8,1.6,0.1,0,0.1,0,1,0,0,0.2,0,0,0,0,0,0,0,0,0,0,0,0,0,0,0,0,0,0,0,0,0,0,0.2
131021368651.005007 70세 이상,소계,78,2.7,7.1,4.1,0.9,4,1.7,14.1,1.2,0.1,0.4,0,0.2,0,1.6,0.2,2.2,0.3,0.3,0.6,3.5,0.3,0.1,0,0,0,1.7,0,0,0,0,0,0,0,0,0,0,0,0,0.2,0,0,0,0,0,0,0,0,0,0,0,0,0.4
131021368651.006001 남자,131021368651.006001001 10대,13.2,3.1,0.3,0,0.1,2,11,1,9.3,32.3,5.7,39.6,1.3,1.5,1.7,0.8,0.3,1.6,0.3,0,0,0,2.7,1.8,6,0,0,0,1.3,0,0.8,0.5,0.1,0,0.8,0,0,0.2,0,0,0,0,0,0,0,0,0,0,0,0,0,0,0.1
131011368651 통계분류(2),131021368651.006001002 20대,15.2,35.4,4.1,0.2,0.5,5.4,6.8,0.7,9.7,13.6,4.2,14.3,8.2,10.1,1.5,4,0.5,1,0.2,0,0,0,1.3,1.7,0.5,0.8,0,0.6,0.7,0.7,0.6,0.9,0.5,0.6,0.3,0.2,0.3,0.2,0,0,0.5,0,0,0,0,0,0.2,0,0,0,0,0,0.1
131011368651 통계분류(2),131021368651.006001003 30대,19.2,33.8,8.3,1.4,8,6.5,7.2,0.9,7.2,8.8,2.4,2.2,9.5,8.1,3.8,3.6,0.9,0.4,0,0,0,0,1.3,2.8,0.4,2.4,0,0.6,0.8,0.4,0,0.1,0,0.2,0.2,0,0,0.3,0,0,0,0.4,0,0,0,0,0,0,0,0,0,0,0
131011368651 통계분류(2),131021368651.006001004 40대,24.9,23.8,11,0.3,18.8,4.7,9,1.2,5.2,8.3,6.6,0.1,11,4.2,3.1,4,1.9,0.2,0,0,0,0,1.8,1.6,0.2,0.9,0,0.2,0.2,0.2,0.5,0,0.5,0.5,0,0,0.6,0,0.1,0,0,0,0,0.3,0,0.2,0,0.2,0,0,0,0,0.1
131011368651 통계분류(2),131021368651.006001005 50대,29.5,17.8,26.6,0.2,18.7,2,8.4,1.3,6.3,5.6,2.7,0,6.1,2.8,2.9,1.8,5.9,0,0.3,0,0.1,0,1.5,1.2,0.2,0,0,0,0.4,0,0.1,0,0,0,0,0,0.1,0,0,0.2,0,0,0,0,0,0,0,0,0.1,0,0,0,0.3
131011368651 통계분류(2),131021368651.006001006 60대,47.6,8.3,31.4,0.4,9.5,3,7.8,6.7,4.7,2.5,3.6,0,2,0.9,6,0.8,6,0.3,0,0.3,1.7,0,0.3,0,0,0,0,0,0,0.4,0,0,0,0,0,0,0,0,0,0,0,0,0,0,0,0,0,0,0,0,0,0,0.3
131011368651 통계분류(2),131021368651.006001007 70세 이상,73.8,5.4,11.9,0.1,0.4,0.5,3.9,12.2,2.6,0.2,1,0,0.3,0,2.9,0.4,4.4,0,0,0.2,5.4,0,0.2,0,0,0,0,0,0,0,0,0,0,0,0,0,0,0,0,0.4,0,0,0,0,0,0,0,0,0,0,0,0,0.2
131021368651.006002 여자,131021368651.006002001 10대,42.7,1.8,1.7,4.7,0,3,3.5,3.2,10,1.3,12.7,4.5,0,1.1,2.9,0,0,15.3,5,4.2,0,0.3,0.9,0,4.3,0,0,0.6,0,0,1,1.1,0.2,0,0.2,3,0,0,0,0,0,0,0.9,0,0.5,0,0,0,0,0,0.2,0.2,0.4
131011368651 통계분류(2),131021368651.006002002 20대,25.6,17.1,4.9,32.8,0,10.6,4.2,5.1,6.4,0.5,2.2,0.2,0.8,2,1.5,4,0,3.1,1.2,1.7,0,0.8,0.2,0,0,1.3,0,1.5,0.5,1.5,0,0.2,0.2,0,0.5,0,0,0,0.5,0,0,0,0,0,0,0,0,0,0,0,0,0,0.4
131011368651 통계분류(2),131021368651.006002003 30대,33.8,17.5,2.9,35.3,4.5,10.4,3,4.1,6.1,0.3,3,0.2,0.1,0.7,0.4,3.6,0,1.5,3.5,1.2,0,0.6,0,0.3,0.1,1.2,0,0.9,0.2,0.4,0,0,0,0,0,0,0,0,0,0,0,0,0,0,0,0,0,0,0,0,0,0,0.3
131011368651 통계분류(2),131021368651.006002004 40대,47.8,13,8.6,19.1,5.5,11.7,2.1,4.7,1.5,0.1,6,0,0.3,2.2,1.7,2.3,0.3,0.8,2.1,2.3,0,1.4,0.2,0,0.5,0.3,0.2,0,0,0,0,0,0,0,0,0,0.3,0,0,0,0,0,0,0,0,0,0,0,0,0.1,0,0,0.3
131011368651 통계분류(2),131021368651.006002005 50대,56.7,9.3,16.6,12.8,6.6,11.1,2.4,5.2,2.2,0,4.2,0,0,0.9,2.2,0.5,0.5,0.6,1.7,1.2,0.2,2.5,0,0,0,0.3,0.7,0,0,0,0,0,0.1,0.1,0,0,0,0,0.1,0,0,0,0,0,0,0,0,0,0,0,0,0,0.3
131011368651 통계분류(2),131021368651.006002006 60대,70.2,3.5,15.9,9.3,1.1,8.7,0.9,8.4,1.1,0,2.3,0,0,0.5,1.3,0.5,0,0.9,1.5,1.8,2,3.1,0,0,0.1,0,1.9,0,0,0,0,0,0,0,0,0,0,0,0,0,0,0,0,0,0,0,0,0,0,0,0,0,0.1
131011368651 통계분류(2),131021368651.006002007 70세 이상,81.2,0.6,3.4,7.2,1.3,6.6,0,15.5,0,0,0,0,0,0,0.6,0,0.6,0.5,0.6,1,2.1,0.5,0,0,0,0,3,0,0,0,0,0,0,0,0,0,0,0,0,0,0,0,0,0,0,0,0,0,0,0,0,0,0.5
131021368651.007001 초졸이하,소계,56.7,0.4,3.5,5.5,1,4.6,4.5,13.8,1.4,7.7,4.3,6.5,0.3,0,1.8,0,0.6,5.5,1.6,2.2,1.7,0.5,0.3,0,6.2,0,0.6,0,0.2,0,0,0,0,0,0.4,0.4,0,0.2,0,0.2,0,0,0.4,0,0.3,0,0,0,0,0,0,0,0.6
131021368651.007002 중졸,소계,56.4,3.1,3.9,2.7,0.2,2.5,4.4,7.7,5.7,8.5,3.2,12.7,0.4,0.5,2.5,0.2,1,2.9,1.2,1.3,2.2,0.2,1.1,0.6,0.8,0,0.4,0.2,0.4,0,0.6,0.5,0.1,0,0.2,0.6,0,0,0,0,0,0,0.1,0,0,0,0,0,0,0,0.1,0,0.4
131021368651.007003 고졸,소계,53.8,9.9,17.5,5.4,2.8,5.6,3.8,5.6,3.5,3.5,3.2,2.1,3,2,2.3,0.7,2.4,0.6,0.9,0.8,1.1,1.2,0.6,0.3,0.2,0.1,0.8,0.1,0.1,0,0.1,0.1,0,0.1,0.1,0,0.1,0,0,0.1,0,0,0,0,0,0,0,0,0,0,0,0,0.1
131021368651.007004 대졸(4년제미만),소계,34.5,17.3,14.7,11.7,7.2,7.6,5.2,3.7,4.5,3.6,4.9,0.6,4.3,4.3,2.7,3,2.1,0.6,0.9,1,0.1,0.9,0.5,0.8,0.3,1,0.5,0.2,0.1,0.7,0.1,0.1,0.3,0.2,0,0,0.2,0,0,0.1,0,0,0,0,0,0,0.1,0,0,0.1,0,0,0.3
131021368651.007005 대졸(4년제이상),소계,24.3,25.5,8.8,13.4,13.5,8.2,6.7,2.4,6.6,4.9,3.8,1.8,4.5,3.7,2.3,3.7,1.1,0.9,0.9,0.4,0,0.4,0.8,1.3,0.2,1,0,0.5,0.5,0.4,0,0.1,0.1,0.2,0.1,0,0.1,0,0.2,0,0.1,0.1,0,0.1,0,0.1,0,0,0,0,0,0,0.3
131021368651.007006 대학원이상,소계,16.7,18.3,10.3,2.6,24.2,18.6,11.4,2,9.8,6.9,2.1,1.4,2.1,6.5,6.8,7.7,2.6,0,1.4,1.5,2.4,0,2.7,0,0,1.5,0,1.3,1.4,0,1.8,0,1.5,0,0,0,0,1.4,0,0,1.3,0,0,0,0,0,0,0,0,0,0,0,2.2
131021368651.008001 관리자,소계,22.1,15.4,18.8,3.5,42.1,3.8,9.9,2.9,4,4.8,3.8,0,3.1,2.8,1.5,0,8.5,0,0,0,0,0,0,0,0,0,0,0,0,0,0,0,0,0.7,0,0,0,0,0.7,0,0,0,0,0,0,0,0,0,0,0,0,0,0
131021368651.008002 전문가및관련종사자,소계,15.1,26,10.7,12.9,31.5,10,7.1,3.4,6.1,3.6,4,0.2,2.7,4.5,3,5.3,3.3,0.6,0.7,1.2,0,0.3,0.5,2.1,0.5,1.3,0,2.2,0,0.6,0.8,0,0.2,0,0.3,0,0.3,0.2,0,0,0,0,0,0,0,0,0,0.3,0,0,0,0,0.6
131021368651.008003 사무종사자,소계,22.8,26.1,8.7,13.9,10.3,7.1,7,2.1,7.8,4.8,3,1.8,5.3,4.3,2,4.4,0.8,0.5,0.7,0.1,0,0.4,0.6,1.4,0.1,1.1,0,0.3,0.5,0.8,0,0.2,0.4,0.1,0.1,0,0.2,0.1,0.1,0,0,0.2,0,0.1,0,0.1,0,0,0.1,0,0,0,0.2
131021368651.008004 서비스종사자,소계,41.5,15.8,18.1,9.6,5.7,6.7,3.7,4.1,4.9,3.5,4.1,1.1,2.6,3.1,3,1.3,1.5,1.8,1.3,0.8,0.1,0.8,0.7,0.6,0.4,0.9,0.2,0.4,0.3,0.3,0,0,0,0.3,0,0,0.2,0,0,0.1,0.3,0,0,0.1,0,0,0,0,0,0,0,0,0
131021368651.008005 판매종사자,소계,45.7,13.9,17.3,7.2,6.4,7.5,4,4.7,3,2.1,5.8,0.4,4.4,1.8,3.6,2.1,2.1,0.4,1.3,1.5,0.4,1,0.4,0.9,0.1,0.5,0.6,0,0.1,0,0,0,0,0,0,0,0,0,0,0.2,0,0,0,0,0,0,0.1,0,0,0,0,0,0.4
131021368651.008006 농림어업숙련종사자,소계,54.6,6.8,12.9,4.7,2.9,5.1,2.7,9,3.5,1.5,2.4,0,0.6,1,3.6,0.9,5,0.4,0,0.9,3.5,0,0.6,0,0,0,0,0,0,0,0,0,0,0,0,0,0,0,0,0,0,0,0,0,0,0,0,0,0,0,0,0,0
131021368651.008007 기능원및관련기능,소계,45.7,12.9,20.3,0.2,3.5,2.4,6.4,3.2,3.4,8.3,3.8,0.4,5.7,4.3,2.4,1.7,4,0,0.3,0,0.6,0.2,1.9,0,0.2,0.6,0,0,0,0.2,0,0,0,0,0,0,0.2,0,0,0.1,0,0,0,0,0,0,0,0,0,0,0,0,0
131021368651.008008 장치/기계조작및조립,소계,40,10.8,29.5,0.3,5.1,1.9,10.1,3.4,2.6,5.7,4.1,0.2,7.3,2.8,2.1,0.7,4.5,0.2,0,0,0.5,0.3,1.6,1.4,0,0.2,0,0,0.2,0,0,0.2,0,0.4,0,0,0,0,0,0,0,0,0,0,0,0,0,0,0,0,0,0,0
131021368651.008009 단순노무종사자,소계,62.6,6.4,20.5,2.7,0.9,3.4,5.3,8.9,4.5,1.1,1.8,0,1.5,1,3.6,0.8,3.5,1.3,0,1.5,3.4,0,0.5,0.2,0,0.3,0.4,0,0,0.1,0,0,0.2,0,0,0,0,0,0,0,0,0,0,0,0,0,0,0,0,0,0,0,0.2
131021368651.008010 군인,소계,33.1,39.9,0,0,66.9,27.1,0,33.1,0,0,0,0,0,0,0,0,27,0,0,0,0,0,0,0,27,0,0,0,0,0,0,0,0,0,0,0,0,0,0,0,0,0,0,0,0,0,0,0,0,0,0,0,0
131021368651.008011 전업주부,소계,68.7,5.8,6.5,14.1,2.5,11.6,0.9,8.3,0.4,0.1,1.9,0,0,0.3,1.2,0.3,0.1,0.3,1.9,1.4,1.3,2.7,0,0,0.2,0,2,0,0,0,0,0,0,0.1,0,0,0.1,0,0.1,0,0,0,0,0,0,0,0,0,0,0,0,0,0.4
131021368651.008012 학생,소계,24,9.4,1,3.5,0.1,3.6,7.7,2,9.5,17.6,7.2,22.3,2.6,3.5,1.7,0.9,0.1,5.6,1.8,1.6,0,0.2,1.8,0.7,3.8,0.1,0,0.4,0.9,0,1,0.9,0.1,0,0.6,0.9,0,0.2,0,0,0,0,0.2,0,0.2,0,0,0,0,0,0.1,0.1,0.2
131021368651.008013 무직/기타,소계,69.7,9.5,8.8,2.6,0.8,0.9,2.2,13.2,2.4,1,1.1,1.7,1.9,0.7,2.9,1.1,2.3,0.7,0.4,0.4,3.7,0,0.5,0,0,0.2,0.7,0,0,0,0,0,0,0.2,0,0,0,0,0,0,0,0,0,0,0,0,0,0,0,0,0,0,0.4
131021368651.009001 100만원 미만,소계,72,9.6,1.1,5.2,3.2,1.1,0,13.5,3.4,2.8,1.8,0,0,0,1.2,0,1.1,0,1.5,1.9,1.2,0,0.6,0,0,0,1.1,0,0,0,0,3.4,0,0,0,0,0,0,0,0,0,0,0,0,0,0,0,0,0,0,0,0,0
131021368651.009002 100-200만원 미만,소계,79.9,3.1,8.6,3.7,0.5,3.6,0.6,13.4,1.1,0.2,0.8,0.1,0.7,0.2,1.5,0,1.3,0.2,0,1.2,2.8,0.2,0.2,0,0,0,0.9,0,0,0,0,0,0,0,0,0,0,0,0,0.2,0,0,0,0,0,0,0,0,0,0,0,0,0.5
131021368651.009003 200-300만원 미만,소계,62.7,9.2,11.5,6.2,1.1,5.1,4.1,8.3,3,2.2,1.4,1,2.6,1.3,2,1.5,2.4,1.1,1.2,0.7,2.8,0.5,0.5,0.7,0.2,0.1,0.4,0.2,0.2,0.3,0,0.1,0.1,0,0,0.1,0,0,0,0.1,0,0,0,0,0,0,0.1,0,0,0,0,0,0.5
131021368651.009004 300-400만원 미만,소계,48.3,12.9,13.4,8.7,2.5,6.1,5.1,5.4,4.9,4.5,3.2,1.8,2.9,1.9,2.6,0.7,2.4,1,1.1,0.6,1,0.5,0.8,0.9,0.4,1,0.6,0.6,0.3,0.5,0.1,0,0,0,0.1,0.1,0.2,0.1,0,0,0.2,0,0.1,0,0,0,0,0,0,0,0,0,0.2
131021368651.009005 400-500만원 미만,소계,40.4,14.5,12.9,7.5,4.9,7,6.3,3.6,4.7,5.3,5.1,2.9,4.3,2.9,2.7,2,1.6,1.8,1.1,0.6,0.3,1.3,1,0.5,0.6,0.4,1,0.3,0.4,0.1,0,0.2,0.2,0.3,0.2,0.1,0.3,0.1,0.1,0,0,0,0,0,0,0,0,0,0,0,0,0,0.2
131021368651.009006 500-600만원 미만,소계,30.9,16,13.3,9.1,5.5,5.5,6.2,3,5.4,5.9,4.9,5.2,3.3,3.9,3.1,2,1.7,1.6,1.6,1.1,0.1,1,0.9,0.9,1,0.6,0.2,0,0.2,0.2,0.4,0.2,0.1,0.1,0.1,0.2,0,0,0,0.1,0,0,0,0.1,0,0,0,0,0,0,0,0,0.2
131021368651.009007 600-700만원 미만,소계,26.9,17.5,12.4,11,10,8.1,6.8,3.4,6.4,6.5,4.9,5.5,3.1,2.9,1.7,3.7,1.8,1.5,0.7,1,0.1,0.7,0.7,0.5,1,0.1,0,0.1,0.3,0.3,0.2,0,0.2,0.1,0.1,0.2,0,0.1,0,0,0,0,0,0,0.1,0.1,0,0,0,0.1,0,0,0
131021368651.009008 700-800만원 미만,소계,27.9,21.2,11.2,9.9,17.5,8.6,3.5,4.4,8.2,6.3,2.5,6.1,4.6,5,2.8,3.4,0.6,0.8,0.6,0.4,0.4,0.2,0.6,1.7,0.3,1,0,0.5,0.4,0,0.5,0.2,0,0.1,0.4,0,0.2,0,0.4,0,0,0.5,0.1,0,0.1,0,0,0.2,0.2,0,0.1,0,0.4
131021368651.009009 800-900만원 미만,소계,30.5,24.4,6.5,10.5,22.4,9.1,1.9,2.3,4.4,6.4,4.7,2.7,1.9,2.1,1.3,4,0.8,0.3,0.4,0,0,0.8,0,0.3,1.3,1.7,0,0,0,0,0,0,0,0.3,0,0,0,0,0,0,0,0,0,0,0,0,0,0,0,0,0,0,0
131021368651.009010 900만원 이상,소계,29.3,24.7,11.2,15.9,26.1,6.4,0.6,0.8,2,0.4,1.5,0.9,3.3,1.7,1.6,1.8,0,0,0,3.8,0.3,0,0,0,0,1.3,0,0.7,0,1.5,0,1.2,0,0.3,0,0,0,0,0.3,0,0,0,0,0,0,0,0,0,0,0,0,0,0.5
